Workbook

Sheet Dashboard
A1: System Engineer Roadmap: Progress Dashboard
A2: Premier System | Red Hat + VMware | 4-month plan from trainee to client-ready engineer
A4: Start Date | B4: 46302 | C4: Assumption: set to the date this plan was made. Change to your actual start date.
A5: Planned End | B5: =B4+112 -> 46414
A6: Current Week | B6: =MAX(1,MIN(16,INT((TODAY()-B4)/7)+1)) -> 1
A7: Time Elapsed | B7: =MIN(1,MAX(0,(TODAY()-B4)/112)) -> 0.017857143
A8: Tasks Completed | B8: =COUNTIF('Weekly Plan'!G5:G57,"Done") -> 0
A9: Total Tasks | B9: =COUNTA('Weekly Plan'!E5:E57) -> 53
A10: Overall Completion | B10: =IF(B9=0,0,B8/B9) -> 0
A11: Schedule Status | B11: =IF(B10>=B7,"On track","Behind schedule") -> Behind schedule
A12: Hours Studied (Weekly Review) | B12: ='Weekly Review'!F21 -> 0
A13: Lab Log Hours | B13: =SUM('Lab Log'!F5:F105) -> 1.5
A14: Certifications Passed | B14: =COUNTIF(Certifications!E5:E8,"Passed") -> 0
A17: Progress by Month
A18: Month | B18: Theme | C18: Tasks | D18: Done | E18: Completion %
A19: 1 | B19: Foundations | C19: =COUNTIF('Weekly Plan'!$B$5:$B$57,A19) -> 15 | D19: =COUNTIFS('Weekly Plan'!$B$5:$B$57,A19,'Weekly Plan'!$G$5:$G$57,"Done") -> 0 | E19: =IF(C19=0,0,D19/C19) -> 0
A20: 2 | B20: VMware Track | C20: =COUNTIF('Weekly Plan'!$B$5:$B$57,A20) -> 13 | D20: =COUNTIFS('Weekly Plan'!$B$5:$B$57,A20,'Weekly Plan'!$G$5:$G$57,"Done") -> 0 | E20: =IF(C20=0,0,D20/C20) -> 0
A21: 3 | B21: Red Hat Track | C21: =COUNTIF('Weekly Plan'!$B$5:$B$57,A21) -> 13 | D21: =COUNTIFS('Weekly Plan'!$B$5:$B$57,A21,'Weekly Plan'!$G$5:$G$57,"Done") -> 0 | E21: =IF(C21=0,0,D21/C21) -> 0
A22: 4 | B22: Solutions & Certification | C22: =COUNTIF('Weekly Plan'!$B$5:$B$57,A22) -> 12 | D22: =COUNTIFS('Weekly Plan'!$B$5:$B$57,A22,'Weekly Plan'!$G$5:$G$57,"Done") -> 0 | E22: =IF(C22=0,0,D22/C22) -> 0
A25: Progress by Task Type
A26: Type | C26: Tasks | D26: Done | E26: Completion %
A27: Theory | C27: =COUNTIF('Weekly Plan'!$F$5:$F$57,A27) -> 26 | D27: =COUNTIFS('Weekly Plan'!$F$5:$F$57,A27,'Weekly Plan'!$G$5:$G$57,"Done") -> 0 | E27: =IF(C27=0,0,D27/C27) -> 0
A28: Lab | C28: =COUNTIF('Weekly Plan'!$F$5:$F$57,A28) -> 21 | D28: =COUNTIFS('Weekly Plan'!$F$5:$F$57,A28,'Weekly Plan'!$G$5:$G$57,"Done") -> 0 | E28: =IF(C28=0,0,D28/C28) -> 0
A29: Milestone | C29: =COUNTIF('Weekly Plan'!$F$5:$F$57,A29) -> 6 | D29: =COUNTIFS('Weekly Plan'!$F$5:$F$57,A29,'Weekly Plan'!$G$5:$G$57,"Done") -> 0 | E29: =IF(C29=0,0,D29/C29) -> 0
A32: How to use
A33: 1. Weekly Plan: change Status (dropdown) as you work. Blue cells are yours to edit.
A34: 2. Weekly Review: log hours and a 1-5 self-score every Friday.
A35: 3. Lab Log: record each problem and fix; row 5 is an example to overwrite.
A36: 4. Certifications: update status and score as you book and pass exams.
A37: 5. Yellow cell above (Start Date) drives Current Week and On track / Behind.

Sheet Weekly Plan
A1: Weekly Plan & Checklist
A2: Set Status to Done as you finish each task. Everything on the Dashboard updates automatically.
A4: ID | B4: Month | C4: Week | D4: Track | E4: Task | F4: Type | G4: Status | H4: Date Done | I4: Notes
A5: 1 | B5: 1 | C5: 1 | D5: Linux Foundations | E5: Command line, users, groups, permissions, ownership | F5: Theory | G5: Not Started
A6: 2 | B6: 1 | C6: 1 | D6: Linux Foundations | E6: systemd services and package management (dnf/rpm) | F6: Theory | G6: Not Started
A7: 3 | B7: 1 | C7: 1 | D7: Linux Foundations | E7: Build a RHEL VM with static IP and SSH hardening | F7: Lab | G7: Not Started
A8: 4 | B8: 1 | C8: 2 | D8: Linux Foundations | E8: LVM, file systems, mounting, RAID basics | F8: Theory | G8: Not Started
A9: 5 | B9: 1 | C9: 2 | D9: Linux Foundations | E9: Create, extend and shrink LVM volumes in a lab VM | F9: Lab | G9: Not Started
A10: 6 | B10: 1 | C10: 2 | D10: Linux Foundations | E10: Networking: IP, DNS, firewalld, NIC bonding | F10: Theory | G10: Not Started
A11: 7 | B11: 1 | C11: 3 | D11: Networking | E11: Datacenter networking: VLANs, trunks, LACP, MTU | F11: Theory | G11: Not Started
A12: 8 | B12: 1 | C12: 3 | D12: Networking | E12: Configure VLAN and bond on RHEL | F12: Lab | G12: Not Started
A13: 9 | B13: 1 | C13: 3 | D13: Linux Foundations | E13: Bash scripting basics: variables, loops, conditions | F13: Theory | G13: Not Started
A14: 10 | B14: 1 | C14: 3 | D14: Linux Foundations | E14: Write a script that audits users, disk and services | F14: Lab | G14: Not Started
A15: 11 | B15: 1 | C15: 4 | D15: Hardware & Storage | E15: Virtualization concepts: hypervisor, cluster, HA, live migration | F15: Theory | G15: Not Started
A16: 12 | B16: 1 | C16: 4 | D16: Hardware & Storage | E16: Storage: SAN vs NAS, iSCSI, Fibre Channel, RAID levels, IOPS | F16: Theory | G16: Not Started
... A57: 53 | B57: 4 | C57: 16 | D57: Capstone | E57: MILESTONE: Final 4-month review and next 90-day plan | F57: Milestone | G57: Not Started

Sheet Weekly Review
A1: Weekly Review
A2: Task counts come from Weekly Plan. Fill in the blue cells at the end of each week (30 min with your mentor).
A4: Week | B4: Month | C4: Tasks | D4: Done | E4: Completion % | F4: Hours Studied | G4: Self-Score (1-5) | H4: Wins / Blockers / Next Week Goal
A5: 1 | B5: =INT((1-1)/4)+1 -> 1 | C5: =COUNTIF('Weekly Plan'!$C$5:$C$57,A5) -> 3 | D5: =COUNTIFS('Weekly Plan'!$C$5:$C$57,A5,'Weekly Plan'!$G$5:$G$57,"Done") -> 0 | E5: =IF(C5=0,0,D5/C5) -> 0
A6: 2 | B6: =INT((2-1)/4)+1 -> 1 | C6: =COUNTIF('Weekly Plan'!$C$5:$C$57,A6) -> 3 | D6: =COUNTIFS('Weekly Plan'!$C$5:$C$57,A6,'Weekly Plan'!$G$5:$G$57,"Done") -> 0 | E6: =IF(C6=0,0,D6/C6) -> 0
A7: 3 | B7: =INT((3-1)/4)+1 -> 1 | C7: =COUNTIF('Weekly Plan'!$C$5:$C$57,A7) -> 4 | D7: =COUNTIFS('Weekly Plan'!$C$5:$C$57,A7,'Weekly Plan'!$G$5:$G$57,"Done") -> 0 | E7: =IF(C7=0,0,D7/C7) -> 0
A8: 4 | B8: =INT((4-1)/4)+1 -> 1 | C8: =COUNTIF('Weekly Plan'!$C$5:$C$57,A8) -> 5 | D8: =COUNTIFS('Weekly Plan'!$C$5:$C$57,A8,'Weekly Plan'!$G$5:$G$57,"Done") -> 0 | E8: =IF(C8=0,0,D8/C8) -> 0
A9: 5 | B9: =INT((5-1)/4)+1 -> 2 | C9: =COUNTIF('Weekly Plan'!$C$5:$C$57,A9) -> 3 | D9: =COUNTIFS('Weekly Plan'!$C$5:$C$57,A9,'Weekly Plan'!$G$5:$G$57,"Done") -> 0 | E9: =IF(C9=0,0,D9/C9) -> 0
A10: 6 | B10: =INT((6-1)/4)+1 -> 2 | C10: =COUNTIF('Weekly Plan'!$C$5:$C$57,A10) -> 3 | D10: =COUNTIFS('Weekly Plan'!$C$5:$C$57,A10,'Weekly Plan'!$G$5:$G$57,"Done") -> 0 | E10: =IF(C10=0,0,D10/C10) -> 0
A11: 7 | B11: =INT((7-1)/4)+1 -> 2 | C11: =COUNTIF('Weekly Plan'!$C$5:$C$57,A11) -> 3 | D11: =COUNTIFS('Weekly Plan'!$C$5:$C$57,A11,'Weekly Plan'!$G$5:$G$57,"Done") -> 0 | E11: =IF(C11=0,0,D11/C11) -> 0
A12: 8 | B12: =INT((8-1)/4)+1 -> 2 | C12: =COUNTIF('Weekly Plan'!$C$5:$C$57,A12) -> 4 | D12: =COUNTIFS('Weekly Plan'!$C$5:$C$57,A12,'Weekly Plan'!$G$5:$G$57,"Done") -> 0 | E12: =IF(C12=0,0,D12/C12) -> 0
A13: 9 | B13: =INT((9-1)/4)+1 -> 3 | C13: =COUNTIF('Weekly Plan'!$C$5:$C$57,A13) -> 3 | D13: =COUNTIFS('Weekly Plan'!$C$5:$C$57,A13,'Weekly Plan'!$G$5:$G$57,"Done") -> 0 | E13: =IF(C13=0,0,D13/C13) -> 0
A14: 10 | B14: =INT((10-1)/4)+1 -> 3 | C14: =COUNTIF('Weekly Plan'!$C$5:$C$57,A14) -> 3 | D14: =COUNTIFS('Weekly Plan'!$C$5:$C$57,A14,'Weekly Plan'!$G$5:$G$57,"Done") -> 0 | E14: =IF(C14=0,0,D14/C14) -> 0
A15: 11 | B15: =INT((11-1)/4)+1 -> 3 | C15: =COUNTIF('Weekly Plan'!$C$5:$C$57,A15) -> 3 | D15: =COUNTIFS('Weekly Plan'!$C$5:$C$57,A15,'Weekly Plan'!$G$5:$G$57,"Done") -> 0 | E15: =IF(C15=0,0,D15/C15) -> 0
A16: 12 | B16: =INT((12-1)/4)+1 -> 3 | C16: =COUNTIF('Weekly Plan'!$C$5:$C$57,A16) -> 4 | D16: =COUNTIFS('Weekly Plan'!$C$5:$C$57,A16,'Weekly Plan'!$G$5:$G$57,"Done") -> 0 | E16: =IF(C16=0,0,D16/C16) -> 0
A17: 13 | B17: =INT((13-1)/4)+1 -> 4 | C17: =COUNTIF('Weekly Plan'!$C$5:$C$57,A17) -> 3 | D17: =COUNTIFS('Weekly Plan'!$C$5:$C$57,A17,'Weekly Plan'!$G$5:$G$57,"Done") -> 0 | E17: =IF(C17=0,0,D17/C17) -> 0
A18: 14 | B18: =INT((14-1)/4)+1 -> 4 | C18: =COUNTIF('Weekly Plan'!$C$5:$C$57,A18) -> 3 | D18: =COUNTIFS('Weekly Plan'!$C$5:$C$57,A18,'Weekly Plan'!$G$5:$G$57,"Done") -> 0 | E18: =IF(C18=0,0,D18/C18) -> 0
A19: 15 | B19: =INT((15-1)/4)+1 -> 4 | C19: =COUNTIF('Weekly Plan'!$C$5:$C$57,A19) -> 3 | D19: =COUNTIFS('Weekly Plan'!$C$5:$C$57,A19,'Weekly Plan'!$G$5:$G$57,"Done") -> 0 | E19: =IF(C19=0,0,D19/C19) -> 0
A20: 16 | B20: =INT((16-1)/4)+1 -> 4 | C20: =COUNTIF('Weekly Plan'!$C$5:$C$57,A20) -> 3 | D20: =COUNTIFS('Weekly Plan'!$C$5:$C$57,A20,'Weekly Plan'!$G$5:$G$57,"Done") -> 0 | E20: =IF(C20=0,0,D20/C20) -> 0
A21: Total | C21: =SUM(C5:C20) -> 53 | D21: =SUM(D5:D20) -> 0 | E21: =IF(C21=0,0,D21/C21) -> 0 | F21: =SUM(F5:F20) -> 0 | G21: =IF(COUNT(G5:G20)=0,0,AVERAGE(G5:G20)) -> 0

Sheet Certifications
A1: Certification Tracker
A2: Check vendor sites for current exam codes and prices; Broadcom/VMware has changed its program recently.
A4: Certification | B4: Vendor | C4: Priority | D4: Target Date | E4: Status | F4: Score / Result | G4: Notes
A5: RHCSA (EX200) | B5: Red Hat | C5: Primary | D5: Week 16 | E5: Not Started | G5: Practice with timed labs in Week 9.
A6: VCP (VMware Certified Professional, current VCF/vSphere track) | B6: VMware / Broadcom | C6: Primary | D6: Week 16 | E6: Not Started | G6: Verify exam code and prerequisites on Broadcom's site.
A7: RHCE / OpenShift Administration | B7: Red Hat | C7: Stretch | D7: After Month 4 | E7: Not Started | G7: Plan for the next 90 days.
A8: HPE / Dell partner training | B8: HPE / Dell | C8: Supporting | D8: Ongoing | E8: Not Started | G8: Ask Premier System about partner-portal access.

Sheet Lab Log
A1: Lab Log & Runbook
A2: Write down every issue you solve. This becomes your personal knowledge base. The first row is an example; overwrite it.
A4: Date | B4: Week | C4: Topic | D4: Problem / What I Did | E4: Fix / Learning | F4: Hours
A5: 46307 | B5: 1 | C5: RHEL networking | D5: VM had no network after cloning | E5: Regenerated machine-id and fixed NIC name in nmcli | F5: 1.5
